"arm","time","status"
"1",0.25000551303492,1
"1",0.250009732095182,1
"1",0.250008088403205,1
"1",2.25000912003278,1
"1",2.25000832760004,1
"1",3.50000819902996,1
"1",4.50000204282087,1
"1",5.25000745422702,1
"1",6.5000019185754,1
"1",8.00000717124388,1
"1",8.00000614976843,1
"1",8.75000408632727,1
"1",8.75000186647528,1
"1",9.0000076812121,1
"1",9.25000480470855,1
"1",10.0000098562244,1
"1",11.0000090332594,1
"1",11.5000063587408,1
"1",12.250008247811,1
"1",12.5000047892141,1
"1",13.2500073213231,1
"1",13.2500055800249,1
"1",13.5000028241831,1
"1",13.5000091635951,1
"1",14.0000014896957,1
"1",14.0000018140777,1
"1",14.000008718382,1
"1",14.0000095302033,1
"1",14.2500024831699,1
"1",14.5000048282488,1
"1",14.5000015796346,1
"1",14.7500069202591,1
"1",14.7500027976537,1
"1",15.2500032198096,1
"1",16.5000033397696,1
"1",17.2500023382722,1
"1",17.2500029238117,1
"1",17.7500028538353,1
"1",18.0000011868202,1
"1",18.5000067492196,1
"1",18.750008103248,1
"1",19.5000075204923,1
"1",19.7500010797899,1
"1",20.0000061613839,1
"1",20.5000075731013,1
"1",20.5000048212751,1
"1",20.750001691562,1
"1",21.5000057986765,1
"1",21.7500035669114,1
"1",22.0000087767275,1
"1",22.2500088070904,1
"1",22.5000013002908,1
"1",23.2500012499496,1
"1",23.7500040002234,1
"1",23.7500040256493,1
"1",23.7500074226165,1
"1",24.0000065761106,1
"1",24.2500050266821,1
"1",24.5000034336143,1
"1",25.0000066772213,1
"1",25.250004072664,1
"1",25.2500018440663,1
"1",25.5000048883436,1
"1",25.7500080943981,1
"1",26.0000077426236,1
"1",26.0000099796843,1
"1",26.2500010922797,1
"1",27.0000076710825,1
"1",27.2500057541054,1
"1",27.5000051858275,1
"1",27.7500083358536,1
"1",27.750003915271,1
"1",28.500005673825,1
"1",29.5000056641775,1
"1",29.5000074353434,1
"1",29.7500097975228,1
"1",30.000002983744,1
"1",30.250003694119,1
"1",30.2500014068499,1
"1",30.2500049345394,1
"1",31.7500028913485,1
"1",31.750005285682,1
"1",32.5000091564428,1
"1",32.5000067814677,1
"1",32.5000098591048,1
"1",32.750003080263,1
"1",34.000008712237,1
"1",34.2500084662182,1
"1",34.7500099485524,1
"1",35.0000090150053,1
"1",35.0000064574546,1
"1",35.0000080733169,1
"1",35.7500080289066,1
"1",36.0000011225543,1
"1",36.5000068209834,1
"1",36.7500093357646,1
"1",36.750001439747,1
"1",37.0000020160692,1
"1",37.2500031438763,1
"1",37.2500047914938,1
"1",37.5000038924435,1
"1",38.2500058679689,1
"1",38.5000031388355,1
"1",38.7500039858247,1
"1",39.2500043993247,1
"1",39.7500029433739,1
"1",40.2500048124528,1
"1",40.2500081680666,1
"1",41.2500011076465,1
"1",41.2500086960718,1
"1",41.5000080395398,1
"1",41.7500068282811,1
"1",41.7500053306346,1
"1",43.5000090291946,1
"1",43.7500083473298,1
"1",43.7500013972219,1
"1",44.2500045648162,1
"1",44.5000032219278,1
"1",44.500003588559,1
"1",45.2500054204563,1
"1",46.7500029181578,1
"1",47.2500065656557,1
"1",47.5000050060603,1
"1",47.5000041622339,1
"1",47.7500027192075,1
"1",47.7500098968824,1
"1",48.0000029904833,1
"1",48.5000042882795,1
"1",48.7500075162377,1
"1",49.0000077083856,1
"1",49.500002132129,1
"1",49.5000044544364,1
"1",50.0000097383048,1
"1",50.2500045951234,1
"1",50.500002555328,1
"1",50.50000135985,1
"1",50.7500091853293,1
"1",51.250009312218,1
"1",51.750004134066,1
"1",52.2500015666186,1
"1",54.7500084958299,1
"1",58.7500049594974,1
"1",59.000006503612,1
"1",0.625008752728899,0
"1",1.37500351078287,0
"1",2.62500344285367,0
"1",3.37500588726327,0
"1",4.37500635890028,0
"1",4.87500781045872,0
"1",5.37500753287508,0
"1",6.37500256113072,0
"1",6.87500775300791,0
"1",7.3750094929584,0
"1",8.87500289439967,0
"1",10.6250045628103,0
"1",11.375002525046,0
"1",12.375007423809,0
"1",12.6250084596004,0
"1",12.8750037185496,0
"1",13.125001389072,0
"1",13.3750070502553,0
"1",13.625003552771,0
"1",22.875005656342,0
"1",24.8750057701347,0
"1",26.6250066903514,0
"1",27.375002891771,0
"1",28.8750011024096,0
"1",30.3750036693703,0
"1",30.8750080374677,0
"1",31.3750015696981,0
"1",32.625002157357,0
"1",33.3750068239394,0
"1",34.375001183165,0
"1",34.8750067242699,0
"1",35.3750049239359,0
"1",38.8750035513571,0
"1",44.3750030008988,0
"1",44.8750098959563,0
"1",45.125005389811,0
"1",45.6250059142632,0
"1",46.1250012948043,0
"1",46.1250063316196,0
"1",46.3750026155166,0
"1",46.3750038035387,0
"1",46.6250036211806,0
"1",46.6250049207385,0
"1",46.8750061772272,0
"1",46.8750029087586,0
"1",46.8750030492431,0
"1",47.1250040801743,0
"1",47.1250075834043,0
"1",47.3750080643942,0
"1",47.3750053084034,0
"1",47.6250074784063,0
"1",47.6250076264406,0
"1",47.8750016513959,0
"1",47.8750027149683,0
"1",48.1250086308621,0
"1",48.1250023167852,0
"1",48.1250032044565,0
"1",48.1250077864973,0
"1",48.3750028146108,0
"1",48.3750059262821,0
"1",48.3750055680313,0
"1",48.3750024213151,0
"1",48.6250045117487,0
"1",48.6250013184176,0
"1",48.6250046828659,0
"1",48.62500390389,0
"1",48.875007234404,0
"1",48.8750083290076,0
"1",48.8750016345337,0
"1",48.875007777538,0
"1",49.1250090245703,0
"1",49.1250019584307,0
"1",49.1250010617409,0
"1",49.1250094910383,0
"1",49.3750087028006,0
"1",49.3750072234132,0
"1",49.3750036696278,0
"1",49.3750054805723,0
"1",49.6250042295474,0
"1",49.6250079804753,0
"1",49.6250088227034,0
"1",49.6250043138693,0
"1",49.8750022820227,0
"1",49.8750083815118,0
"1",49.8750062295594,0
"1",50.1250082196808,0
"1",50.1250060590424,0
"1",50.3750020256561,0
"1",50.3750065008866,0
"1",50.3750034913987,0
"1",50.625004544001,0
"1",50.6250036827536,0
"1",50.8750055979942,0
"1",50.8750091206911,0
"1",50.8750026337202,0
"1",51.1250066276828,0
"1",51.125009142257,0
"1",51.1250088187712,0
"1",51.3750089044689,0
"1",51.3750079297391,0
"1",51.6250047374958,0
"1",51.6250050641419,0
"1",51.6250094853902,0
"1",51.8750075378513,0
"1",51.8750016270347,0
"1",52.125004863001,0
"1",52.1250052022846,0
"1",52.1250083819568,0
"1",52.375005226843,0
"1",52.3750041047102,0
"1",52.3750028615898,0
"1",52.6250082088183,0
"1",52.6250063126945,0
"1",52.6250030561331,0
"1",52.8750066468349,0
"1",52.8750019173284,0
"1",52.8750040457681,0
"1",53.1250084698262,0
"1",53.1250050276242,0
"1",53.1250056245715,0
"1",53.3750098863305,0
"1",53.3750020711105,0
"1",53.3750032804255,0
"1",53.6250020916642,0
"1",53.6250053866295,0
"1",53.625007014993,0
"1",53.8750026955133,0
"1",53.8750024263134,0
"1",53.8750062008716,0
"1",54.1250023692396,0
"1",54.1250054285762,0
"1",54.1250053375028,0
"1",54.3750026549041,0
"1",54.3750013372971,0
"1",54.3750035541277,0
"1",54.625007387609,0
"1",54.6250014936481,0
"1",54.6250056343217,0
"1",54.8750065667401,0
"1",54.8750026073554,0
"1",54.8750042996285,0
"1",55.1250034926576,0
"1",55.1250033194384,0
"1",55.1250078631208,0
"1",55.3750025846007,0
"1",55.3750034664318,0
"1",55.3750098075352,0
"1",55.6250068596471,0
"1",55.6250013381304,0
"1",55.6250093575449,0
"1",55.8750091587995,0
"1",55.875003693049,0
"1",56.1250073476808,0
"1",56.1250043792622,0
"1",56.3750032930283,0
"1",56.3750024571971,0
"1",56.6250034733049,0
"1",56.6250046024894,0
"1",56.8750043166573,0
"1",56.8750076796056,0
"1",57.1250092738253,0
"1",57.1250033523383,0
"1",57.3750066212248,0
"1",57.3750094777946,0
"1",57.625002386316,0
"1",57.6250022045027,0
"1",57.8750098450938,0
"1",58.125002388038,0
"1",58.1250026734448,0
"1",58.3750065650101,0
"1",58.3750022512997,0
"1",58.6250017942954,0
"1",58.6250064691622,0
"1",58.8750099420791,0
"1",58.8750081669093,0
"1",58.8750046389183,0
"1",59.125009986777,0
"1",59.1250067221745,0
"1",59.3750081575493,0
"1",59.3750082823641,0
"1",59.6250011551159,0
"1",59.6250016787413,0
"1",59.87500565171,0
"1",59.8750056938181,0
"1",60.3750098839107,0
"1",60.6250016378196,0
"1",60.8750071528296,0
"1",61.1250011558968,0
"1",61.3750047278157,0
"1",61.6250098088689,0
"1",62.8750049575263,0
"1",65.2822572772683,0
"0",1.00000268859027,1
"0",1.50000973270286,1
"0",1.50000971982885,1
"0",2.75001233332023,1
"0",3.00000129776527,1
"0",3.0000059055862,1
"0",3.49998827638014,1
"0",3.99998512371677,1
"0",4.50000852505147,1
"0",4.99996019349555,1
"0",5.25000879858792,1
"0",5.50000424499838,1
"0",7.50000219853855,1
"0",8.25000826416419,1
"0",8.50000130472544,1
"0",9.50000785504832,1
"0",10.5000046762798,1
"0",10.9999890523149,1
"0",10.9999876865642,1
"0",10.9999817718764,1
"0",11.25000892365,1
"0",11.250005026375,1
"0",12.2500057885166,1
"0",12.2500032303407,1
"0",12.5000071972981,1
"0",12.7500075604939,1
"0",14.2500064842852,1
"0",14.5000099993847,1
"0",14.7500081265727,1
"0",15.2500088551317,1
"0",15.5000065942757,1
"0",15.7500054409672,1
"0",17.2499789387581,1
"0",17.7500031224111,1
"0",17.7500025960472,1
"0",17.7500020423686,1
"0",18.0000055520145,1
"0",18.7499758556203,1
"0",19.2500084233311,1
"0",19.2500035926845,1
"0",19.5000018625077,1
"0",19.5000051923428,1
"0",19.5000079119423,1
"0",19.7500054238809,1
"0",20.0000095642002,1
"0",20.0000096238936,1
"0",20.2500081639324,1
"0",20.5000059037851,1
"0",20.5000025586342,1
"0",20.7500046777418,1
"0",20.7500022493755,1
"0",21.2500040766943,1
"0",21.2500013430878,1
"0",21.5000025666846,1
"0",22.0000023698624,1
"0",22.0000045774339,1
"0",22.2500093085127,1
"0",23.0000017714169,1
"0",23.5000056618812,1
"0",23.7500040537594,1
"0",24.2500022077505,1
"0",24.5000063189052,1
"0",24.5000098564188,1
"0",24.5000054365727,1
"0",24.7500074453764,1
"0",24.750008596874,1
"0",24.7500089107899,1
"0",25.0000063334637,1
"0",25.000007345104,1
"0",25.2500076068276,1
"0",25.5000015982879,1
"0",26.0000033919267,1
"0",26.0000075465307,1
"0",26.2500045074042,1
"0",26.5000033298198,1
"0",26.500002609076,1
"0",26.5000067885151,1
"0",26.7500072239394,1
"0",27.00000129425,1
"0",27.0000045439319,1
"0",27.2500092278649,1
"0",27.250001642331,1
"0",27.5000098918218,1
"0",27.7500086132505,1
"0",27.7500080975201,1
"0",27.7500055422136,1
"0",27.7500026718512,1
"0",28.0000097849451,1
"0",28.2500012425935,1
"0",28.7500013610252,1
"0",29.0000032265865,1
"0",29.0000020321454,1
"0",29.2500073497462,1
"0",29.7500089324041,1
"0",29.7500088865592,1
"0",30.0000064658801,1
"0",30.0000073852727,1
"0",30.2500086286724,1
"0",32.5000010701613,1
"0",32.500008625511,1
"0",32.750002453897,1
"0",32.7500049335889,1
"0",32.750005151771,1
"0",33.000001038018,1
"0",33.5000060234925,1
"0",33.7500029196116,1
"0",34.0000069982311,1
"0",34.0000098039397,1
"0",34.7500044461398,1
"0",35.2500072921465,1
"0",35.5000016076744,1
"0",35.5000032779106,1
"0",35.7500064029389,1
"0",36.0000048499208,1
"0",36.500002353267,1
"0",37.0000056215574,1
"0",37.0000048465945,1
"0",37.5000037175605,1
"0",37.5000045956693,1
"0",37.7500027673496,1
"0",37.7500061075977,1
"0",37.750001555989,1
"0",38.0000075941543,1
"0",38.0000011465331,1
"0",39.2499366670312,1
"0",39.4999874184029,1
"0",39.7500045991305,1
"0",40.0000068668734,1
"0",40.4999462986917,1
"0",40.7500096130864,1
"0",40.7500050440401,1
"0",41.000004800817,1
"0",41.0000039097222,1
"0",41.2500054395315,1
"0",41.7500029306222,1
"0",42.0000094031887,1
"0",42.2500061661166,1
"0",42.2500032790293,1
"0",42.5000081712324,1
"0",42.7500079314441,1
"0",43.0000098341372,1
"0",43.5000029116074,1
"0",44.2500095992832,1
"0",44.5000063885394,1
"0",45.2500089308304,1
"0",45.5000018115452,1
"0",45.5000027712877,1
"0",45.5000063432698,1
"0",45.7499129237213,1
"0",46.7499515302265,1
"0",46.7499521066338,1
"0",46.9999488858184,1
"0",47.9999023606342,1
"0",48.249927481411,1
"0",48.249928426682,1
"0",48.4999033067585,1
"0",48.7499378868098,1
"0",49.2499868382202,1
"0",49.4999529431356,1
"0",49.7499135433106,1
"0",50.4998545680937,1
"0",51.0000095467672,1
"0",51.74983394487,1
"0",52.0000071643776,1
"0",52.5000066779705,1
"0",52.9999253563914,1
"0",54.249869671712,1
"0",54.7500012874539,1
"0",55.5000034103729,1
"0",0.387709669734499,0
"0",0.875001192514045,0
"0",1.12500543725672,0
"0",1.62500971692854,0
"0",6.62500936531203,0
"0",6.87500689142705,0
"0",7.12500310030119,0
"0",7.37500477830576,0
"0",7.62500346904364,0
"0",9.12500562334326,0
"0",10.6250330925431,0
"0",11.3750071717522,0
"0",12.6250032993704,0
"0",13.3750088234628,0
"0",14.8750143007644,0
"0",16.3750071588346,0
"0",16.8750697689069,0
"0",17.3750091628494,0
"0",20.3750063173151,0
"0",20.8750013410373,0
"0",21.3750014420294,0
"0",22.8750077165966,0
"0",24.1250085547824,0
"0",24.375007052245,0
"0",24.6250051178335,0
"0",24.8750057515128,0
"0",25.1250063531903,0
"0",25.3750076109354,0
"0",25.6250082263965,0
"0",28.8750085935074,0
"0",32.6250055107645,0
"0",33.375009439898,0
"0",34.8750017003462,0
"0",36.6249279189651,0
"0",37.37495022184,0
"0",38.8750064893062,0
"0",40.8750030037039,0
"0",42.8750012354063,0
"0",44.3750042321383,0
"0",44.875006588046,0
"0",45.375001857813,0
"0",45.874885762431,0
"0",46.374893521583,0
"0",46.3748937879793,0
"0",46.6249252133932,0
"0",46.6249247883944,0
"0",46.6249300572478,0
"0",46.8749537303668,0
"0",46.8749475848458,0
"0",47.1249415153377,0
"0",47.1249420793557,0
"0",47.1249432042806,0
"0",47.3749263017899,0
"0",47.3749243976749,0
"0",47.3749285913586,0
"0",47.6249652297304,0
"0",47.6249607335724,0
"0",47.8749531071535,0
"0",47.8749527109186,0
"0",47.874954719594,0
"0",48.1249187887769,0
"0",48.124915367917,0
"0",48.3749195745926,0
"0",48.374913699017,0
"0",48.3749128010398,0
"0",48.6249230235007,0
"0",48.6249238913992,0
"0",48.6249189357233,0
"0",48.8749134215727,0
"0",48.8749128949145,0
"0",48.874910654211,0
"0",49.1249339843826,0
"0",49.1249380876563,0
"0",49.1249416385801,0
"0",49.1249396924735,0
"0",49.3749745323542,0
"0",49.3749741620045,0
"0",49.3749764741975,0
"0",49.6249310399911,0
"0",49.6249343024921,0
"0",49.6249301578057,0
"0",49.874933001303,0
"0",49.8749326381257,0
"0",49.874929149198,0
"0",50.1249044687295,0
"0",50.1249047259337,0
"0",50.1249051145855,0
"0",50.3748557700791,0
"0",50.3748578208126,0
"0",50.3748578868834,0
"0",50.6248775028091,0
"0",50.6248761840265,0
"0",50.6248757666698,0
"0",50.6248751414459,0
"0",50.8749517268061,0
"0",50.8749500609019,0
"0",50.874952107566,0
"0",51.1249413362698,0
"0",51.1249460226972,0
"0",51.1249457110801,0
"0",51.1249499398987,0
"0",51.3748613815898,0
"0",51.374869296144,0
"0",51.3748663339375,0
"0",51.6248390999832,0
"0",51.624838149118,0
"0",51.6248406174107,0
"0",51.6248383172702,0
"0",51.8749188039871,0
"0",51.8749233339844,0
"0",51.8749247667813,0
"0",52.1250072982287,0
"0",52.375004029113,0
"0",52.3750074250771,0
"0",52.6250038840006,0
"0",52.6249994078024,0
"0",52.8749624785046,0
"0",53.1249619444206,0
"0",53.1249674491172,0
"0",53.3749811913323,0
"0",53.3749805853106,0
"0",53.6249479881705,0
"0",53.8749516557035,0
"0",53.8749505956311,0
"0",54.1249243667364,0
"0",54.3749399749811,0
"0",54.3749352882153,0
"0",54.6250024006286,0
"0",54.625002883497,0
"0",54.875002371809,0
"0",54.875005222241,0
"0",55.1250047949066,0
"0",55.1250022977561,0
"0",55.3750063865877,0
"0",55.3750099222639,0
"0",55.6250093492255,0
"0",55.6250014662616,0
"0",55.8750030486226,0
"0",55.8750099793474,0
"0",56.1250018535361,0
"0",56.3750085955739,0
"0",56.6250086816095,0
"0",56.6250083179634,0
"0",56.8750060179456,0
"0",57.1250042595778,0
"0",57.1250044924362,0
"0",57.3750240340488,0
"0",57.6249947935259,0
"0",57.624988602636,0
"0",57.874958675207,0
"0",58.1249690732706,0
"0",58.3749930670697,0
"0",58.6250171463906,0
"0",58.6250226950632,0
"0",58.8749861682614,0
"0",59.12494955757,0
"0",59.1249483518026,0
"0",59.3749908979579,0
"0",59.3749979753084,0
"0",59.6250057361081,0
"0",59.8749601233387,0
"0",59.874959246342,0
"0",60.1249902137199,0
"0",60.8750010269872,0
"0",61.3750060861319,0
"0",63.1249234754533,0
"0",64.9739497380826,0
"0",64.9739534753313,0
